{
  "train_losses": [
    5.354288936271082,
    3.415694986767781,
    3.2651186849150204,
    3.1919167660691246,
    3.1390178633467927,
    3.095848785336975,
    3.0577481570451157,
    3.0220856181800824,
    2.983659220168658,
    2.9555631369885886,
    2.936048117135187,
    2.9260223262450276,
    2.9105508995178107,
    2.894000413167812,
    2.8835055090277395,
    2.878091512738591,
    2.870452453108395,
    2.8620902363906433,
    2.854360358794327,
    2.8512801239862466,
    2.847721104121879,
    2.8394241708014016,
    2.8139659510853954,
    2.774601134192913,
    2.73372690025193,
    2.7073005797613003,
    2.6893276872537326,
    2.6714404699442635,
    2.6541977285424156,
    2.642675976619086,
    2.635364266612646,
    2.6271288288218897,
    2.6182033274789602,
    2.6122556626034514,
    2.6064788383596085,
    2.601844826317809,
    2.595939099636224,
    2.5898516385451607,
    2.5854152011139617,
    2.582676486286056
  ],
  "val_losses": [
    3.60279441648914,
    3.2287264177876134,
    3.1529331822549143,
    3.134509225045481,
    3.1343871162783716,
    3.025869092633647,
    3.013672190327798,
    2.9765551551695792,
    2.914259579873854,
    2.917067135533979,
    2.9066272551013577,
    2.889989552959319,
    2.8642136819901003,
    2.8617548096564507,
    2.866027616685437,
    2.8636874844951015,
    2.8535526952435895,
    2.85058956761514,
    2.850306080233666,
    2.8556106936547065,
    2.8464168810075328,
    2.833802730806412,
    2.7868496448762956,
    2.7430363085962113,
    2.6854796640334593,
    2.677978454097625,
    2.662197897511144,
    2.6567353663905973,
    2.642485310954432,
    2.635278747927758,
    2.6349118217345207,
    2.634793481519145,
    2.6373384691053823,
    2.630420131068076,
    2.630485834613923,
    2.629515140287338,
    2.627171301072644,
    2.626638250966226,
    2.635298821233934,
    2.6324823748680855
  ],
  "val_accuracies": [
    0.25316455696202533,
    0.25265822784810127,
    0.24354430379746836,
    0.24354430379746836,
    0.25265822784810127,
    0.25113924050632913,
    0.25569620253164554,
    0.25113924050632913,
    0.24354430379746836,
    0.25468354430379747,
    0.2470886075949367,
    0.24962025316455697,
    0.2683544303797468,
    0.26531645569620255,
    0.2521518987341772,
    0.26329113924050634,
    0.26379746835443035,
    0.2567088607594937,
    0.27848101265822783,
    0.2870886075949367,
    0.27848101265822783,
    0.3508860759493671,
    0.45367088607594935,
    0.6486075949367088,
    0.8354430379746836,
    0.8450632911392405,
    0.8663291139240507,
    0.8860759493670886,
    0.9022784810126582,
    0.9103797468354431,
    0.9022784810126582,
    0.9179746835443038,
    0.9113924050632911,
    0.92,
    0.9184810126582279,
    0.9230379746835443,
    0.9260759493670886,
    0.9260759493670886,
    0.9210126582278481,
    0.9159493670886076
  ],
  "best_val_accuracy": 0.9260759493670886,
  "best_epoch": 37,
  "hyperparameters": {
    "learning_rate": 0.0003,
    "batch_size": 64,
    "num_epochs": 40,
    "d_model": 256,
    "num_layers": 4,
    "num_heads": 8,
    "d_ff": 1024,
    "dropout": 0.05,
    "aux_weight": 0.0,
    "optimizer": "AdamW",
    "weight_decay": 0.0001
  },
  "test_loss": 2.62955332108033,
  "test_accuracy": 0.9177804779262859
}