{
  "train_losses": [
    3.101623254663804,
    2.9171202545580655,
    2.8335293909472883,
    2.7874074171266288,
    2.733954469261267,
    2.6929852343581215,
    2.6658038818622796,
    2.647699436263355,
    2.634639155529344,
    2.625882411551902,
    2.6151604722527897,
    2.609970579976621,
    2.6046512078141313,
    2.5997509404521466,
    2.5954127061702406,
    2.590763459425143
  ],
  "val_losses": [
    2.972120484998149,
    2.831701886269354,
    2.7935527370822046,
    2.748916579831031,
    2.683235691439721,
    2.6505911965523996,
    2.6375737805520334,
    2.6301399277102564,
    2.6248776220506236,
    2.612063838589576,
    2.608357121867518,
    2.6078301552803285,
    2.6091403499726327,
    2.608853824677006,
    2.60465673477419,
    2.6083905773778118
  ],
  "val_accuracies": [
    0.2789873417721519,
    0.44759493670886075,
    0.5579746835443038,
    0.6273417721518987,
    0.8440506329113924,
    0.8967088607594936,
    0.9017721518987342,
    0.9139240506329114,
    0.9194936708860759,
    0.9225316455696203,
    0.9306329113924051,
    0.9306329113924051,
    0.9260759493670886,
    0.9245569620253165,
    0.9265822784810127,
    0.9281012658227848
  ],
  "best_val_accuracy": 0.9306329113924051,
  "best_epoch": 11,
  "test_loss": 2.6094466845194497,
  "test_accuracy": 0.9206156338598623,
  "hyperparameters": {
    "learning_rate": 0.0003,
    "batch_size": 64,
    "num_epochs": 40,
    "d_model": 256,
    "num_layers": 4,
    "num_heads": 8,
    "d_ff": 1024,
    "dropout": 0.05,
    "aux_weight": 0.0,
    "optimizer": "AdamW",
    "weight_decay": 0.0001
  }
}