{
  "pca_explained_variance_ratio": [
    0.03622687980532646,
    0.03200308606028557
  ],
  "silhouette": {
    "color": -0.005065241828560829,
    "shape": -0.0035842303186655045,
    "quantity": -0.010035638697445393
  }
}