{
  "pca_explained_variance_ratio": [
    0.147468701004982,
    0.12951672077178955
  ],
  "silhouette": {
    "color": 0.19804319739341736,
    "shape": 0.17831209301948547,
    "quantity": 0.19147242605686188
  }
}